{"cameraMode":{"drawMode":0,"name":"Shaded","section":"Shading Mode"},"sceneLighting":false,"audioPlay":false,"sceneViewState":{"m_AlwaysRefresh":false,"showFog":true,"showSkybox":false,"showFlares":true,"showImageEffects":true,"showParticleSystems":true,"showVisualEffectGraphs":true,"m_FxEnabled":true},"in2DMode":false,"pivot":{"x":2.0893354415893556,"y":-0.15222609043121339,"z":0.3939390182495117},"rotation":{"x":-0.1624360829591751,"y":-0.24094869196414948,"z":0.04094130918383598,"w":-0.9559726119041443},"size":3.2690908908843996,"orthographic":false}